Alias,Nama Asli
JAVA TSUSHO,CV JAVA TSUSHO
KKB,CV JAVA TSUSHO
JAVA TSUSO,CV JAVA TSUSHO
JAVA TSUSHO INDONESIA,CV JAVA TSUSHO
JAVA TSUSHO,CV JAVA TSUSHO
KKB,CV JAVA TSUSHO
PAL,PT PALMINA UTAMA
PALMINA,PT PALMINA UTAMA
PELSART,PT PELSART TAMBANG KENCANA
PELSART TAMBANG KENCANA,PT PELSART TAMBANG KENCANA
PELSAR,PT PELSART TAMBANG KENCANA
PELSART TAMBANG KENCANA,PT PELSART TAMBANG KENCANA
PELSAR TAMBANG KENCANA,PT PELSART TAMBANG KENCANA
PFNM,PT PELAYARAN FORTUNA NUSANTARA MEGAJAYA
PELAYARAN FORTUNA,PT PELAYARAN FORTUNA NUSANTARA MEGAJAYA
PELAYARAN FORTUNA NUSANTARA MEGAJAYA,PT PELAYARAN FORTUNA NUSANTARA MEGAJAYA
PELSART,PT PELSART TAMBANG KENCANA
PELSART TAMBANG KENCANA,PT PELSART TAMBANG KENCANA
VARI,PT VARIA INTI TIRTA
VARIA INTI TIRTA,PT VARIA INTI TIRTA
SENAMAS,PT SENAMAS ENERGINDO MINERAL
SENAMAS ENERGINDO MINERAL,PT SENAMAS ENERGINDO MINERAL
SDR R,PT SENAMAS ENERGINDO MINERAL
SDR R,PT SENAMAS ENERGINDO MINERAL
SAWITMAS,PT SAWIT MAS SAKTI
TANJUNG SELATAN,PT TANJUNG SELATAN MAKMUR JAYA
TSMJ,PT TANJUNG SELATAN MAKMUR JAYA
SAPTAINDRA,PT SAPTAINDRA SEJATI
SAPTAINDRA SEJATI,PT SAPTAINDRA SEJATI
JAPFA,PT JAPFA COMFEED INDONESIA TBK
JAPFA COMFEED,PT JAPFA COMFEED INDONESIA TBK
JAPFA COMFEED INDONESIA,PT JAPFA COMFEED INDONESIA TBK
INDONESIA POWER,PT PLN INDONESIA POWER
PLN INDONESIA POWER,PT PLN INDONESIA POWER
PLN,PT PLN INDONESIA POWER
BNI,PT BANK NEGARA INDONESIA
BANK BNI,PT BANK NEGARA INDONESIA